{"packFileHash":{"type":"sha256","value":"4b634a44120a82c940af9b4cf0681bf9020e80ec1aef857bc7777de7109d8bd2"},"indexFileHash":{"type":"sha256","value":"abf48456b94510360f3785124c25511eeb15f7dd738c870e5dde8510fc30c672"},"cachedFiles":{"mods/jei.pw.toml":{"hash":{"type":"sha256","value":"9cf270ff7a0bda4769db11197f43698ebc105e81870d6e7f6b9979c1dbd38ae9"},"linkedFileHash":{"type":"sha1","value":"adc963aa82b20fde11a2e33decff4201e3b67baf"},"cachedLocation":"mods/jei-1.19.2-fabric-11.6.0.1019.jar","optionValue":true},"mods/fabric-api.pw.toml":{"hash":{"type":"sha256","value":"5197e9172dd9a9b06303b85a837e7a044b71c005b3d0003aa19041a253daf541"},"linkedFileHash":{"type":"sha1","value":"558cd912d95c9dec513eb87cc813d3a68aa93fa5"},"cachedLocation":"mods/fabric-api-0.77.0+1.19.2.jar","optionValue":true},"mods/hexal.pw.toml":{"hash":{"type":"sha256","value":"5097014f7de56317278be09cb37559f172d60292ba9bd6cef0727057df9c9a44"},"linkedFileHash":{"type":"sha1","value":"e7d35ab7468aa19aa87cb25ac3f5b0273ef6f52e"},"cachedLocation":"mods/hexal-fabric-1.19.2-0.2.19.jar","optionValue":true},"mods/trinkets.pw.toml":{"hash":{"type":"sha256","value":"e4e021f4e9647d01496dfd9f4dbf77cf46575318bd54f40aac7d3b4996baecb8"},"linkedFileHash":{"type":"sha1","value":"83deb9f7ab28737a5d27a57e49fe105e9053804c"},"cachedLocation":"mods/trinkets-3.4.2.jar","optionValue":true},"mods/lithium.pw.toml":{"hash":{"type":"sha256","value":"54a337d13450b35dfc931e7a5f3ed9fca1a1992ec51d3b1e4ea1cb5f7cd2d09c"},"linkedFileHash":{"type":"sha1","value":"072a8bad252765e0f21a6f939cf2056fe437228e"},"cachedLocation":"mods/lithium-fabric-mc1.19.2-0.11.1.jar","optionValue":true},"mods/sodium.pw.toml":{"hash":{"type":"sha256","value":"aa4dcf55ac3191b0b31437521714c1d28364c3396cf06ef07fa76a08488c1837"},"linkedFileHash":{"type":"sha1","value":"227648dc4f6a8604bafc282612a6de47eff70cd8"},"cachedLocation":"mods/sodium-fabric-mc1.19.2-0.4.4+build.18.jar","optionValue":true},"mods/debugify.pw.toml":{"hash":{"type":"sha256","value":"783c0415795fc4bea6d85315aac54d3a3f2770fcd02d66dad1f626b311f8bf4f"},"linkedFileHash":{"type":"sha1","value":"34bed20ce5145eeaac14ada47aa9f269ef2cc3b5"},"cachedLocation":"mods/Debugify-2.8.0.jar","optionValue":true},"mods/yacl.pw.toml":{"hash":{"type":"sha256","value":"17d831dc9a5939806f745aadeb8a0b11b0f1c7f587043e0d1aa77f40c76f73b9"},"linkedFileHash":{"type":"sha1","value":"bcb8adacdb11b49fde416df76a55f6bc0ca48cfd"},"cachedLocation":"mods/YetAnotherConfigLib-2.2.0-for-1.19.2.jar","optionValue":true},"mods/spectrum.pw.toml":{"hash":{"type":"sha256","value":"85f3a4a42b755714bf7cc3dbb0c12a4477204f167593f26ff92f7a1c5acda3cb"},"linkedFileHash":{"type":"sha1","value":"a34bf72a022dfb26e8d8d45f1b33a3b2bb3bcbbd"},"cachedLocation":"mods/spectrum-1.7.6-deeper-down.jar","optionValue":true},"mods/architectury-api.pw.toml":{"hash":{"type":"sha256","value":"84c0488c1a1aae759c20bfcc3a6ea2a5379c777c414b4c8815f1cf97b78aa11e"},"linkedFileHash":{"type":"sha1","value":"311131ec6f39cae9a3be0782b7da5d9450119285"},"cachedLocation":"mods/architectury-6.6.92-fabric.jar","optionValue":true},"mods/cardinal-components-api.pw.toml":{"hash":{"type":"sha256","value":"87f339c783840fc692ce681b878bf683bee38b5ff5388a4151b5c14b9ecfd8aa"},"linkedFileHash":{"type":"sha1","value":"2ca37fd1372f48d39154aea952a9db148d1db9e5"},"optionValue":true,"onlyOtherSide":true},"mods/wnboi.pw.toml":{"hash":{"type":"sha256","value":"44eeee05cb8e51124585414df5221036f052c3b0a91a7c18d3dfb393db91ed15"},"linkedFileHash":{"type":"sha1","value":"a0fddc0e6497b8e4810a1b75e7283e9707938a5f"},"cachedLocation":"mods/wnboi-0.0.4-fabric.jar","optionValue":true},"mods/zoomify.pw.toml":{"hash":{"type":"sha256","value":"df9929f0a90f0c54a870ed182c0543ce579d07b84089d2fec6131917c53b5bab"},"linkedFileHash":{"type":"sha1","value":"0ac09c47fba094d22e52fe6e53f990be63f650d8"},"cachedLocation":"mods/Zoomify-2.9.0.jar","optionValue":true},"mods/fabric-language-kotlin.pw.toml":{"hash":{"type":"sha256","value":"e602bc6bb7b5ca5e4fb2351e285cd715ea5f7a4b4f83ffa6e137319e89e41a68"},"linkedFileHash":{"type":"sha1","value":"8a7e6a0cf1f31c0d2a819819ba78a0609e1577f9"},"cachedLocation":"mods/fabric-language-kotlin-1.10.20+kotlin.1.9.24.jar","optionValue":true},"mods/cloth-config.pw.toml":{"hash":{"type":"sha256","value":"213cad77d46ff46fe20780b01856cb1a8812747e9c3564203669bf3905e646e2"},"linkedFileHash":{"type":"sha1","value":"4b93c69f22e9bdeeca201992e99632824b55f9cb"},"cachedLocation":"mods/cloth-config-8.2.88-fabric.jar","optionValue":true},"mods/paucal.pw.toml":{"hash":{"type":"sha256","value":"03d4272f909720df400b6af4c90a93fc95e3a55c85935e7777724ba9f9bcb994"},"linkedFileHash":{"type":"sha1","value":"429dbbae298ebca0e7c51ca1c0bfdd07dcbf8271"},"cachedLocation":"mods/paucal-fabric-1.19.2-0.5.0.jar","optionValue":true},"mods/geckolib.pw.toml":{"hash":{"type":"sha256","value":"c7864e8e3af437b95455a51a7dbb04bcc0f006eb70fcea661d25f8633295ff97"},"linkedFileHash":{"type":"sha1","value":"dab6fa804356b1599ce60601213530bcc5732cbc"},"cachedLocation":"mods/geckolib-fabric-1.19-3.1.40.jar","optionValue":true},"mods/continuity.pw.toml":{"hash":{"type":"sha256","value":"984741a3b4d5612df37b81d7349dd1f130257eaf7d94d95b72ce43fff9411885"},"linkedFileHash":{"type":"sha1","value":"b7f4060c66eee13fa1385da89090560de30358e1"},"cachedLocation":"mods/continuity-2.0.2+1.19.jar","optionValue":true},"mods/hexgloop.pw.toml":{"hash":{"type":"sha256","value":"be9c931d7ef0d9adfdcc367976d2c6afb58a4e4bbb3dee0fe9d0c131cf076765"},"linkedFileHash":{"type":"sha1","value":"934e4b1acbc2cd96d1519e206127f5f06d9bd1b5"},"cachedLocation":"mods/hexgloop-1.19.2-0.2.0-fabric.jar","optionValue":true},"mods/revelationary.pw.toml":{"hash":{"type":"sha256","value":"9b0995d469116c38c30ea1b5141949652cb37671f4d671edcc9e22548fd2eb20"},"linkedFileHash":{"type":"sha1","value":"dc6bf5026f16f8a4b8e724bb9c7cfe9fcbce68da"},"cachedLocation":"mods/revelationary-1.3.5.jar","optionValue":true},"mods/oneironaut.pw.toml":{"hash":{"type":"sha256","value":"a8b6c42b612a29a51c1e8e65a48a8a55645c02e46db999e7f7bc4c22fcb7aec4"},"linkedFileHash":{"type":"sha1","value":"0c51e18396c2285416a403aaffa8baf72eb0138e"},"cachedLocation":"mods/oneironaut-fabric-1.19.2-0.2.3.jar","optionValue":true},"mods/xaeros-world-map.pw.toml":{"hash":{"type":"sha256","value":"47d45a19d3321034ac9e206dd85771c8066cfb910db68387e3937bf1ab04ae6d"},"linkedFileHash":{"type":"sha1","value":"b3c71985b4f5518fd0e57ad147f977c18c1df308"},"cachedLocation":"mods/XaerosWorldMap_1.38.4_Fabric_1.19.1.jar","optionValue":true},"mods/indium.pw.toml":{"hash":{"type":"sha256","value":"e8168531c092676d47cac3657bfc525f096f11ff5372ce6e322ad57778b81635"},"linkedFileHash":{"type":"sha1","value":"a74ab16af990cf55dd1a3b5c76eadfc9ca25e25e"},"cachedLocation":"mods/indium-1.0.9+mc1.19.2.jar","optionValue":true},"config/Spectrum.json5":{"hash":{"type":"sha256","value":"4589e8efb569ab2df2886af77e2b3f46644117b46b2667f3732dd8b6c5791d80"},"cachedLocation":"config/Spectrum.json5","optionValue":true},"config/computercraft-client.toml":{"hash":{"type":"sha256","value":"8e1af48fbafb26e374fb91793cd950e32dc4008e423267f8d2006c2350bfd567"},"cachedLocation":"config/computercraft-client.toml","optionValue":true},"config/betterdungeons-fabric-1_19.toml":{"hash":{"type":"sha256","value":"c0809814af173f138d83495d36aabcccda93ba2f2a49ec5b7e1c87a201efee77"},"cachedLocation":"config/betterdungeons-fabric-1_19.toml","optionValue":true},"config/Revelationary.json":{"hash":{"type":"sha256","value":"320e0fc1914b7d05a550207449dfc99ce3d88cdddb376ba1828d2a10b5d1f9e0"},"cachedLocation":"config/Revelationary.json","optionValue":true},"config/continuity.json":{"hash":{"type":"sha256","value":"00267a602028cbb037dcb0b5f803db31bed284235ca9c1ea189ad4179311a2f4"},"cachedLocation":"config/continuity.json","optionValue":true},"config/cardinal-components-api.properties":{"hash":{"type":"sha256","value":"f7e7f346e0724cf9cfb77f44dec2e7d202ea2507729ec7b95ee6a8f089c82982"},"cachedLocation":"config/cardinal-components-api.properties","optionValue":true},"config/debugify.json":{"hash":{"type":"sha256","value":"e9ab1ba1b7ddaf5dbfd756eeb713e76f09a1db815934eb22ba1d62b17295f99c"},"cachedLocation":"config/debugify.json","optionValue":true},"config/debugify-descriptions.json":{"hash":{"type":"sha256","value":"44136fa355b3678a1146ad16f7e8649e94fb4fc21fe77e8310c060f61caaff8a"},"cachedLocation":"config/debugify-descriptions.json","optionValue":true},"config/hexal/client.json5":{"hash":{"type":"sha256","value":"257c1be96ae69f4b01c2c69bdb6d78605f59175819fb007d0bf245bf48444c4a"},"cachedLocation":"config/hexal/client.json5","optionValue":true},"config/hexal/common.json5":{"hash":{"type":"sha256","value":"257c1be96ae69f4b01c2c69bdb6d78605f59175819fb007d0bf245bf48444c4a"},"cachedLocation":"config/hexal/common.json5","optionValue":true},"config/hexal/server.json5":{"hash":{"type":"sha256","value":"30fd9bc456ce2f64aa0f0618b9fe3856478109a8e4c3518156e4247b759fd312"},"cachedLocation":"config/hexal/server.json5","optionValue":true},"config/hexcasting/client.json5":{"hash":{"type":"sha256","value":"744c22b76d27156184f4f7769b2719ae0685daf4485ef4909c44bde0d9055ce1"},"cachedLocation":"config/hexcasting/client.json5","optionValue":true},"config/hexcasting/common.json5":{"hash":{"type":"sha256","value":"7bd1d0980a96e0151222fa60abcbb4db568382c4cc5a87e6c4280de6c3026a3f"},"cachedLocation":"config/hexcasting/common.json5","optionValue":true},"config/hexcasting/server.json5":{"hash":{"type":"sha256","value":"24856cb942c858d38bbeb55d1fcfe380f22e911aea38404f8ed24f7d3050a800"},"cachedLocation":"config/hexcasting/server.json5","optionValue":true},"config/ferritecore.mixin.properties":{"hash":{"type":"sha256","value":"647c97bf8ba08a082324b85ed87ae43356109953b4140fe57847cf7b97448ecd"},"cachedLocation":"config/ferritecore.mixin.properties","optionValue":true},"config/immediatelyfast.json":{"hash":{"type":"sha256","value":"24e30e4bc37f445b1af5a52dc0c70830f2559abaa5b840721062ce6bb852b8ae"},"cachedLocation":"config/immediatelyfast.json","optionValue":true},"config/indium-renderer.properties":{"hash":{"type":"sha256","value":"fadf0e9990ec302f6b129e3ffac018f2497c621de9b1fa943c4abd53dce4a499"},"cachedLocation":"config/indium-renderer.properties","optionValue":true},"config/jei/ingredient-list-mod-sort-order.ini":{"hash":{"type":"sha256","value":"2e527f980249ef2472fe2bb233ee9618d0ad0e455ccb67c719181b4c235a1a90"},"cachedLocation":"config/jei/ingredient-list-mod-sort-order.ini","optionValue":true},"config/jei/blacklist.cfg":{"hash":{"type":"sha256","value":"e3b0c44298fc1c149afbf4c8996fb92427ae41e4649b934ca495991b7852b855"},"cachedLocation":"config/jei/blacklist.cfg","optionValue":true},"config/jei/ingredient-list-type-sort-order.ini":{"hash":{"type":"sha256","value":"5064fb08f3a4af3321de4746ac60fe83ac464732b684a38c68d97ad2c4bce440"},"cachedLocation":"config/jei/ingredient-list-type-sort-order.ini","optionValue":true},"config/jei/jei-colors.ini":{"hash":{"type":"sha256","value":"c6328dcf3fb8b20a9f6ea6b61266ce289565c167353e183a105fb4915c36c072"},"cachedLocation":"config/jei/jei-colors.ini","optionValue":true},"config/jei/jei-debug.ini":{"hash":{"type":"sha256","value":"24f1a0313b8ae9b6bf450d962640312613fd0f9e9a21a26756b85a6b5ee3d46d"},"cachedLocation":"config/jei/jei-debug.ini","optionValue":true},"config/immersive_portals_fabric.json":{"hash":{"type":"sha256","value":"a692dcbb12516b3dfe98862aca1212b29aeeee4b6b1344f6087644ea2adaea6b"},"cachedLocation":"config/immersive_portals_fabric.json","optionValue":true},"config/jei/jei-mod-id-format.ini":{"hash":{"type":"sha256","value":"34eb990ae2cf62220a0d1be95629bcac46e6732f1cd6f7b6fdc54bcae02916e5"},"cachedLocation":"config/jei/jei-mod-id-format.ini","optionValue":true},"config/jei/jei-client.ini":{"hash":{"type":"sha256","value":"c513c22b5acbf79ca29858ba472bba4a6f969df405c61b37b7ee6554358d88ea"},"cachedLocation":"config/jei/jei-client.ini","optionValue":true},"config/jei/recipe-category-sort-order.ini":{"hash":{"type":"sha256","value":"f07420c28821341c7b85b7dc540b0ab4d83ba871e6e3025bb0731c94e5aca2d8"},"cachedLocation":"config/jei/recipe-category-sort-order.ini","optionValue":true},"config/jei/world/local/HexWorld/bookmarks.ini":{"hash":{"type":"sha256","value":"b7de4c2591c46b063908626677b54728e2416ac2641ad9dbcb46cd7b8244d4a3"},"cachedLocation":"config/jei/world/local/HexWorld/bookmarks.ini","optionValue":true},"config/fabric/indigo-renderer.properties":{"hash":{"type":"sha256","value":"37fe0e7ee17d46f8c638a81e117548d4c980bb97c3650ebd8fcdbd1aca4f9a73"},"cachedLocation":"config/fabric/indigo-renderer.properties","optionValue":true},"config/modmenu.json":{"hash":{"type":"sha256","value":"c0146f2884d0a9b847937d855f1d65fa1db32389f71099a4db1a7c8faae80dc0"},"cachedLocation":"config/modmenu.json","optionValue":true},"config/lithium.properties":{"hash":{"type":"sha256","value":"76765e8e5ff8e927d80beb0739aababcf36e7babfd94262f2afece256cc5cd2e"},"cachedLocation":"config/lithium.properties","optionValue":true},"config/oneironaut/client.json5":{"hash":{"type":"sha256","value":"257c1be96ae69f4b01c2c69bdb6d78605f59175819fb007d0bf245bf48444c4a"},"cachedLocation":"config/oneironaut/client.json5","optionValue":true},"config/oneironaut/common.json5":{"hash":{"type":"sha256","value":"257c1be96ae69f4b01c2c69bdb6d78605f59175819fb007d0bf245bf48444c4a"},"cachedLocation":"config/oneironaut/common.json5","optionValue":true},"config/oneironaut/server.json5":{"hash":{"type":"sha256","value":"fa7a491179767d08221ebe9d905cbb6edc2df8bbdc167c20b9fa3115571e4a00"},"cachedLocation":"config/oneironaut/server.json5","optionValue":true},"config/patchouli.json5":{"hash":{"type":"sha256","value":"f025fe9200c89f808a4459ce10b332a2f763c3d6d9622de61b10278e54161117"},"cachedLocation":"config/patchouli.json5","optionValue":true},"config/paucal-common.json5":{"hash":{"type":"sha256","value":"578d70785fa4caf0a65127b9dc0f01f8c41e442824d7eb00a023ba7e8139ef96"},"cachedLocation":"config/paucal-common.json5","optionValue":true},"config/portalhexaddon/server.json5":{"hash":{"type":"sha256","value":"9e11fe31e69a918f663986460d8ea762f432365e8872c84d6b66cf6f92d5eca6"},"cachedLocation":"config/portalhexaddon/server.json5","optionValue":true},"config/portalhexaddon/common.json5":{"hash":{"type":"sha256","value":"257c1be96ae69f4b01c2c69bdb6d78605f59175819fb007d0bf245bf48444c4a"},"cachedLocation":"config/portalhexaddon/common.json5","optionValue":true},"config/sodium-options.json":{"hash":{"type":"sha256","value":"52fa21d31fc7a3f71311430a38f783f63923ebe84fc19823b7a5c2a087a45cf7"},"cachedLocation":"config/sodium-options.json","optionValue":true},"config/portalhexaddon/client.json5":{"hash":{"type":"sha256","value":"257c1be96ae69f4b01c2c69bdb6d78605f59175819fb007d0bf245bf48444c4a"},"cachedLocation":"config/portalhexaddon/client.json5","optionValue":true},"config/travelersbackpack.json5":{"hash":{"type":"sha256","value":"ddc22b8cd076897ca1db91bb721b99810ff0f23211565df41cded33f657cd8a6"},"cachedLocation":"config/travelersbackpack.json5","optionValue":true},"config/sodium-mixins.properties":{"hash":{"type":"sha256","value":"051558518a6f3350fadb1546346d937e7f78f69834a075bf91b59921f151cc26"},"cachedLocation":"config/sodium-mixins.properties","optionValue":true},"config/xaerominimap_entities.json":{"hash":{"type":"sha256","value":"a4c13e76500473fe8d555225022542d0ef89708c3d885e233dca15f91e437774"},"cachedLocation":"config/xaerominimap_entities.json","optionValue":true},"config/xaeroworldmap-common.txt":{"hash":{"type":"sha256","value":"103979a8e59e396f99fb8646c4f8a690c2d743ca3744a2eb8f663b3102b7498c"},"cachedLocation":"config/xaeroworldmap-common.txt","optionValue":true},"config/xaeroworldmap.txt":{"hash":{"type":"sha256","value":"6028733f967d0d0f6a80dd236d3dcc7d2446912c719ab9a7d3f83d8624d9b92d"},"cachedLocation":"config/xaeroworldmap.txt","optionValue":true},"config/xaeropatreon.txt":{"hash":{"type":"sha256","value":"e3b0c44298fc1c149afbf4c8996fb92427ae41e4649b934ca495991b7852b855"},"cachedLocation":"config/xaeropatreon.txt","optionValue":true},"mods/cc-restitched.pw.toml":{"hash":{"type":"sha256","value":"6e8faa4779dca8bafd4cc91cad8f7fe425f6d3d08511463466c6c13b8ffa55dd"},"linkedFileHash":{"type":"sha1","value":"428b306c317e38d5829972f1944c873858b740da"},"cachedLocation":"mods/cc-restitched-1.101.2.jar","optionValue":true},"mods/ducky-periphs.pw.toml":{"hash":{"type":"sha256","value":"d8a51586ed3c982870bce4d9876a550ac188ebc2263e3acc368605978df608c2"},"linkedFileHash":{"type":"sha1","value":"86ce9d6b31c4cb7bb3d7e7ea47695986aa1c89dd"},"cachedLocation":"mods/duckyperiphs-1.19.2-1.2.3-fabric.jar","optionValue":true},"config/xaerominimap-common.txt":{"hash":{"type":"sha256","value":"1dcee38470c2939f7265891203775b7631c81822bf2506a451727fcaaf2cc4a2"},"cachedLocation":"config/xaerominimap-common.txt","optionValue":true},"config/xaerominimap.txt":{"hash":{"type":"sha256","value":"4df9458eabe3b6eb53e81961ea3dc79174297c412aeba00713b269a2a65334d3"},"cachedLocation":"config/xaerominimap.txt","optionValue":true},"config/zoomify.json":{"hash":{"type":"sha256","value":"8d61a625f65493f3e4f40f5e49cd0d5405b6e105b2d9c005950f78dbfb2095fa"},"cachedLocation":"config/zoomify.json","optionValue":true},"mods/immediatelyfast.pw.toml":{"hash":{"type":"sha256","value":"c33fa79952c4618cd9df346a71353a915535cdfd45c397cf33f0d351985e0473"},"linkedFileHash":{"type":"sha1","value":"280fd170a34b787b9ffce5e09d23d77ebdd5d659"},"cachedLocation":"mods/ImmediatelyFast-Fabric-1.2.14+1.19.2.jar","optionValue":true},"mods/modmenu.pw.toml":{"hash":{"type":"sha256","value":"be0fd8b9cd9f8a94428ea8ac5ec84f4f7bab23697236b7a2e54d8537834e0315"},"linkedFileHash":{"type":"sha1","value":"6e627ee1b31f5be89e14c85e888f47463d8da9c2"},"cachedLocation":"mods/modmenu-4.2.0-beta.2.jar","optionValue":true},"mods/xaeros-minimap.pw.toml":{"hash":{"type":"sha256","value":"870cb5e6bdc46fe6731b13e62da401dd2a2ea8dd6d8ed1f442a461166c34784c"},"linkedFileHash":{"type":"sha1","value":"918237b6a9aa72f3b2e9f76f0b817ef965643efd"},"cachedLocation":"mods/Xaeros_Minimap_24.1.1_Fabric_1.19.1.jar","optionValue":true},"mods/yungs-api.pw.toml":{"hash":{"type":"sha256","value":"34e8181813d8f901bf2de89cececad856bc41d18168f808ac1f862b9cc872e02"},"linkedFileHash":{"type":"sha1","value":"fb97486c8494dcef5ba0f613e3b9d379de4cf147"},"cachedLocation":"mods/YungsApi-1.19.2-Fabric-3.8.10.jar","optionValue":true},"mods/yungs-better-dungeons.pw.toml":{"optionValue":true,"onlyOtherSide":true},"options.txt":{"hash":{"type":"sha256","value":"31f7048e57e8e30caab7087293adff380476f6c998b498095d2fb1c93a4bd789"},"cachedLocation":"options.txt","optionValue":true},"servers.dat":{"hash":{"type":"sha256","value":"e9755a88f14b07c2b21ec6bc60f2eb18273cff89d308c1e84d547725defb1346"},"cachedLocation":"servers.dat","optionValue":true},"mods/ferrite-core.pw.toml":{"hash":{"type":"sha256","value":"98da553a1ba2d41bfce3585198641c2d927c702d5403ebec82402ae51ddf707f"},"linkedFileHash":{"type":"sha1","value":"4a124f8205e39b84a156db2d1e435c5708328d7b"},"cachedLocation":"mods/ferritecore-5.0.3-fabric.jar","optionValue":true},"mods/memoryleakfix.pw.toml":{"hash":{"type":"sha256","value":"3c0945a312aca06a2185b00cb03ae482949b008d72614497148aa2df301af019"},"linkedFileHash":{"type":"sha1","value":"784bbbe9c64ac9d3d4ad19786c02291e607fcf4e"},"cachedLocation":"mods/memoryleakfix-fabric-1.17+-1.1.5.jar","optionValue":true},"mods/hex-ways.pw.toml":{"hash":{"type":"sha256","value":"9301f58a828525eb79276b407693ddc1535d6001754d04c5a2ddcf86a1cb96ff"},"linkedFileHash":{"type":"sha1","value":"1b85c57b213acee7814f87b917129fda8d1d9a41"},"cachedLocation":"mods/portalhexaddon-Fabric-1.19.2-0.5.3.jar","optionValue":true},"mods/hexkeys.pw.toml":{"hash":{"type":"sha256","value":"a7182aabf22c79f19287acd277c66e5f5fe94df244e1d05f30aa102074a49eda"},"linkedFileHash":{"type":"sha1","value":"7d3178086ceb72ddab5b706aaff640eaa1248eea"},"cachedLocation":"mods/hexkeys-fabric-1.19.2-0.1.1.jar","optionValue":true},"mods/patchouli.pw.toml":{"hash":{"type":"sha256","value":"2dab4b3cea2f1ce1505c3c7be55d8fb6123a7593435134f2c15eed18e6c07ddf"},"linkedFileHash":{"type":"sha1","value":"668cf78f543d43412453759961adeac4fabcafeb"},"cachedLocation":"mods/Patchouli-1.19.2-77-FABRIC.jar","optionValue":true},"mods/travelersbackpack.pw.toml":{"hash":{"type":"sha256","value":"959fd2436cd78e882f8804d98021daddd0c0583ef6fb3a2a281243d67100c8f5"},"linkedFileHash":{"type":"sha1","value":"a10b320f4fa53ea6e2fb59c77bfd1242283244a5"},"cachedLocation":"mods/travelersbackpack-fabric-1.19.2-8.2.36.jar","optionValue":true},"mods/immersiveportals.pw.toml":{"hash":{"type":"sha256","value":"b508713a412a72a4cb5567fb2f88b16bcfb8fe2904c9bf238863e9dfd7f03101"},"linkedFileHash":{"type":"sha1","value":"bea99baf67a9084409bdb72ba53c961fd1babd9f"},"cachedLocation":"mods/immersive-portals-2.3.2-mc1.19.2-fabric.jar","optionValue":true},"mods/hex-casting.pw.toml":{"hash":{"type":"sha256","value":"53e83e4a46fa1fc9f865fc1dd458b256f3f3083cdeabdee417834d83e3b1b739"},"linkedFileHash":{"type":"sha1","value":"19702b82d52069b41f702317ba877818e1346716"},"cachedLocation":"mods/hexcasting-fabric-1.19.2-0.10.3.jar","optionValue":true},"mods/edf-remastered.pw.toml":{"hash":{"type":"sha256","value":"c6d6e0e569ee03b705fe01ee5fc98505362d3a90a1a2cd919c2eb26dfa3cf5bd"},"linkedFileHash":{"type":"sha1","value":"80d348c609b4ee11092f15a3208903bded47c56b"},"cachedLocation":"mods/edf-remastered-4.3.jar","optionValue":true}},"cachedSide":"client"}