{
  "bookGuiScale": 0,
  "clickedVisualize": false,
  "bookData": {
    "spectrum:guidebook": {
      "viewedEntries": [
        "spectrum:general/intro",
        "spectrum:general/shards",
        "spectrum:general/paintbrush",
        "spectrum:general/preservation_ruins",
        "spectrum:general/pedestal"
      ],
      "bookmarks": [],
      "completedManualQuests": []
    },
    "hexcasting:thehexbook": {
      "viewedEntries": [
        "hexcasting:interop/interop",
        "hexgloop:interop/addons",
        "hexgloop:items/ritualist_inscriber",
        "hexal:patterns/everbook_entries",
        "oneironaut:items/raycast_assailant",
        "hexcasting:greatwork/directrix",
        "hexcasting:patterns/circle",
        "hexcasting:greatwork/akashiclib",
        "oneironaut:patterns/dim_iotas",
        "hexgloop:items/hex_tools",
        "hexcasting:items/spellbook",
        "hexgloop:items/inventorty",
        "oneironaut:patterns/status_iotas",
        "hexcasting:basics/media",
        "hexgloop:items/chests",
        "hexcasting:greatwork/impetus",
        "hexcasting:greatwork/the_work",
        "hexgloop:greatwork/item_flaying",
        "hexcasting:items/scroll",
        "hexcasting:items/staff",
        "hexgloop:patterns/redstone",
        "hexgloop:patterns/spells/gloop_misc_spells",
        "hexcasting:items/lens",
        "oneironaut:patterns/spells/particle_burst",
        "hexgloop:greatwork/loci",
        "oneironaut:patterns/spells/paint_conjured",
        "hexgloop:items/gloop_dye",
        "hexcasting:items/hexcasting",
        "hexgloop:greatwork/accelerator",
        "hexcasting:casting/vectors",
        "oneironaut:patterns/spells/great/infuse_media",
        "hexgloop:items/pedestals",
        "hexgloop:items/hand_mirror",
        "hexgloop:patterns/spells/reflection",
        "hexcasting:casting/101",
        "hexcasting:lore/experiment1",
        "hexgloop:items/fidgets",
        "hexcasting:lore/terabithia1",
        "hexcasting:lore/experiment2",
        "hexcasting:lore/terabithia2",
        "hexcasting:lore/terabithia3",
        "hexcasting:lore/inventory",
        "hexcasting:greatwork/brainsweeping",
        "hexgloop:patterns/iotic_blocks",
        "oneironaut:items/mindrender",
        "hexgloop:basics/gloopytweaks",
        "hexcasting:items/edified",
        "hexcasting:basics/geodes",
        "hexgloop:items/casting_potion",
        "oneironaut:greatwork/super_budding",
        "hexcasting:items/jeweler_hammer",
        "hexgloop:items/casting_frog",
        "hexal:basics/slipways",
        "hexcasting:items/abacus",
        "hexcasting:items/focus",
        "hexgloop:greatwork/coping_saw",
        "oneironaut:patterns/spells/great/dim_teleport",
        "hexcasting:items/decoration",
        "hexgloop:items/casting_ring",
        "hexcasting:items/amethyst",
        "hexgloop:greatwork/undulator",
        "oneironaut:greatwork/noosphere_main",
        "hexcasting:greatwork/spellcircles",
        "hexcasting:casting/naming",
        "hexcasting:lore/terabithia4",
        "hexcasting:patterns/readers_guide",
        "hexcasting:lore/terabithia5",
        "hexgloop:greatwork/library_card",
        "hexcasting:casting/mishaps",
        "oneironaut:greatwork/noosphere_materials",
        "hexcasting:basics/start_to_see",
        "hexgloop:patterns/spells/truename_protection",
        "hexcasting:casting/stack",
        "hexgloop:items/misc_blocks",
        "hexgloop:items/mepts",
        "oneironaut:greatwork/sentinel_detection",
        "hexgloop:items/gloop",
        "oneironaut:patterns/frame_patterns",
        "hexal:patterns/everbook",
        "hexgloop:items/dyebook",
        "hexgloop:items/sentinel_bed",
        "hexgloop:items/gloopifact",
        "hexgloop:patterns/gloopmisc",
        "hexgloop:greatwork/syncetrix",
        "hexgloop:items/script",
        "oneironaut:items/wisp_lantern",
        "hexcasting:casting/mishaps2",
        "oneironaut:items/reverberation_rod",
        "hexgloop:items/multi_focus",
        "oneironaut:patterns/spells/great/swap_space",
        "hexal:interop/fabric_only_hexal",
        "hexgloop:items/essence_stone",
        "oneironaut:basics/slipway_hint",
        "hexgloop:items/more_staffs",
        "hexcasting:patterns/akashic_patterns",
        "hexgloop:items/casters_coin",
        "hexgloop:patterns/hotbar",
        "oneironaut:patterns/idea_inscription",
        "hexgloop:items/hex_snacks",
        "hexcasting:casting/influences",
        "hexcasting:items/slate",
        "hexcasting:items/pigments",
        "hexcasting:basics/couldnt_cast",
        "hexal:items/relay",
        "hexgloop:items/trinket_focus",
        "oneironaut:patterns/spells/great/detection_shielding",
        "portalhexaddon:patterns/spells/hexways",
        "hexkeys:patterns/spells/mindscape",
        "hexcasting:patterns/spells/hexcasting"
      ],
      "bookmarks": [],
      "completedManualQuests": []
    }
  }
}