{"packFileHash":{"type":"sha256","value":"03d33b32c890c59fde99525a9e07b3105e63dd574418214fee1666c05cb29b8a"},"indexFileHash":{"type":"sha256","value":"aa5d29ae8246284359b0f4a48a6b7b50f8dfc7c6e441741ddce646f10d4725b8"},"cachedFiles":{"mods/jei.pw.toml":{"hash":{"type":"sha256","value":"c0a8e5ce2e2d20387d17fd1141b5e98ed2241b766b0c8bc8952e97b8f55ec3af"},"linkedFileHash":{"type":"sha1","value":"adc963aa82b20fde11a2e33decff4201e3b67baf"},"cachedLocation":"mods/jei-1.19.2-fabric-11.6.0.1019.jar","optionValue":true},"mods/ferritecore-fabric.pw.toml":{"hash":{"type":"sha256","value":"1dae1ed95575e8248b9fa840f1a7c22d68c86dfc3f94a199a4115e2b12d5adc0"},"linkedFileHash":{"type":"sha1","value":"4a124f8205e39b84a156db2d1e435c5708328d7b"},"cachedLocation":"mods/ferritecore-5.0.3-fabric.jar","optionValue":true},"mods/fabric-api.pw.toml":{"hash":{"type":"sha256","value":"d6b5b39cfbe821c74aef77da9957b9eed5a76b9554aaed62a2c5f78905e27679"},"linkedFileHash":{"type":"sha1","value":"558cd912d95c9dec513eb87cc813d3a68aa93fa5"},"cachedLocation":"mods/fabric-api-0.77.0+1.19.2.jar","optionValue":true},"mods/hexal.pw.toml":{"hash":{"type":"sha256","value":"3c8e7846f5805cde38072052bc747ba78d5493037b613f957b45cd8f9208cdd3"},"linkedFileHash":{"type":"sha1","value":"e7d35ab7468aa19aa87cb25ac3f5b0273ef6f52e"},"cachedLocation":"mods/hexal-fabric-1.19.2-0.2.19.jar","optionValue":true},"mods/trinkets.pw.toml":{"hash":{"type":"sha256","value":"bbd4ba6c9d65822511fcb47417a613481337b11f4fa0ec85080e823bc0c1b662"},"linkedFileHash":{"type":"sha1","value":"83deb9f7ab28737a5d27a57e49fe105e9053804c"},"cachedLocation":"mods/trinkets-3.4.2.jar","optionValue":true},"mods/lithium.pw.toml":{"hash":{"type":"sha256","value":"98921d208121d9da3bfb0962812321b3c64608e1f857248c96273bfd09db0f86"},"linkedFileHash":{"type":"sha1","value":"072a8bad252765e0f21a6f939cf2056fe437228e"},"cachedLocation":"mods/lithium-fabric-mc1.19.2-0.11.1.jar","optionValue":true},"mods/ImmediatelyFast-Fabric-1.2.13+1.19.2.jar":{"hash":{"type":"sha256","value":"f8a752c561f952c604ff3bcf30fb44fb84fa0e3b4a366a0bf7d29ee138bfc702"},"cachedLocation":"mods/ImmediatelyFast-Fabric-1.2.13+1.19.2.jar","optionValue":true},"mods/sodium.pw.toml":{"hash":{"type":"sha256","value":"d816ebefd14031acd676b2e7dc2d77ea7e1370903ddac480865fb68540216032"},"linkedFileHash":{"type":"sha1","value":"227648dc4f6a8604bafc282612a6de47eff70cd8"},"cachedLocation":"mods/sodium-fabric-mc1.19.2-0.4.4+build.18.jar","optionValue":true},"mods/debugify.pw.toml":{"hash":{"type":"sha256","value":"90dec0bb053cd7eb7a5474af1b692917c0925bb938747a4e43215f1815e423e7"},"linkedFileHash":{"type":"sha1","value":"34bed20ce5145eeaac14ada47aa9f269ef2cc3b5"},"cachedLocation":"mods/Debugify-2.8.0.jar","optionValue":true},"mods/memoryleakfix-fabric-1.17+-1.1.5.jar":{"hash":{"type":"sha256","value":"b8ac33d7262e019710dd25e454116616bc9ed1f714ed910594b28a4c1da5adde"},"cachedLocation":"mods/memoryleakfix-fabric-1.17+-1.1.5.jar","optionValue":true},"mods/yacl.pw.toml":{"hash":{"type":"sha256","value":"fe29fcc69744fa90f4fd35890cc44033d1b5bca0e0d45cb40c89250eabad6ab3"},"linkedFileHash":{"type":"sha1","value":"9694c6e52e946820f9945e2b9ee8a463c1e426fd"},"cachedLocation":"mods/YetAnotherConfigLib-1.7.1.jar","optionValue":true},"mods/spectrum.pw.toml":{"hash":{"type":"sha256","value":"0d573b629bdcc97a5e6c238eecad13b14a9fbacbe7d4bf4f2a93f2e9c02ab01d"},"linkedFileHash":{"type":"sha1","value":"a34bf72a022dfb26e8d8d45f1b33a3b2bb3bcbbd"},"cachedLocation":"mods/spectrum-1.7.6-deeper-down.jar","optionValue":true},"mods/patchouli-fabric.pw.toml":{"hash":{"type":"sha256","value":"0103115337ebe895bb4802a4de51d9ea8f130112581b9cdf28ed3abee59d50de"},"linkedFileHash":{"type":"sha1","value":"668cf78f543d43412453759961adeac4fabcafeb"},"cachedLocation":"mods/Patchouli-1.19.2-77-FABRIC.jar","optionValue":true},"mods/architectury-api.pw.toml":{"hash":{"type":"sha256","value":"6064baf49dee806afd111ebf89bbad222a5f023e5fd2324b7b0820cd78553117"},"linkedFileHash":{"type":"sha1","value":"311131ec6f39cae9a3be0782b7da5d9450119285"},"cachedLocation":"mods/architectury-6.6.92-fabric.jar","optionValue":true},"mods/immersive-portals-mod.pw.toml":{"hash":{"type":"sha256","value":"f9ab5a3d812abfcfbc2f023c28a744b2a552ec726ee209e93b15326871c22913"},"linkedFileHash":{"type":"sha1","value":"bea99baf67a9084409bdb72ba53c961fd1babd9f"},"cachedLocation":"mods/immersive-portals-2.3.2-mc1.19.2-fabric.jar","optionValue":true},"mods/cardinal-components-api.pw.toml":{"hash":{"type":"sha256","value":"87f339c783840fc692ce681b878bf683bee38b5ff5388a4151b5c14b9ecfd8aa"},"linkedFileHash":{"type":"sha1","value":"2ca37fd1372f48d39154aea952a9db148d1db9e5"},"cachedLocation":"mods/cardinal-components-api-5.0.2.jar","optionValue":true},"mods/wnboi.pw.toml":{"hash":{"type":"sha256","value":"aac4dc8649bdad07ffb25998c53dcb2c8117199e00856482e1489f809b65254e"},"linkedFileHash":{"type":"sha1","value":"a0fddc0e6497b8e4810a1b75e7283e9707938a5f"},"cachedLocation":"mods/wnboi-0.0.4-fabric.jar","optionValue":true},"mods/zoomify.pw.toml":{"hash":{"type":"sha256","value":"3543c9a638c6bed71990a51f9e894abe9d1a3713b2a885f13111ba8603e55adf"},"linkedFileHash":{"type":"sha1","value":"0ac09c47fba094d22e52fe6e53f990be63f650d8"},"cachedLocation":"mods/Zoomify-2.9.0.jar","optionValue":true},"mods/yungs-api-fabric.pw.toml":{"hash":{"type":"sha256","value":"cd37432982096708513ea99f46734d3407f26e1b69df399722de5fd4e089e10a"},"linkedFileHash":{"type":"sha1","value":"28be1f0df17edf641a66d2147ea95a5897b0bdf4"},"cachedLocation":"mods/YungsApi-1.19.2-Fabric-3.8.2.jar","optionValue":true},"mods/fabric-language-kotlin.pw.toml":{"hash":{"type":"sha256","value":"ffc481992126189a9c15e1e8693bbc3477d8f76334edc2c220459a6ad8b4c7cc"},"linkedFileHash":{"type":"sha1","value":"d8a8a5a4f1289e9b4d65f9551c32fbdf56b4f162"},"cachedLocation":"mods/fabric-language-kotlin-1.10.19+kotlin.1.9.23.jar","optionValue":true},"mods/edf-remastered-4.3.jar":{"hash":{"type":"sha256","value":"1e216ce90e49e283e133daee2fb59a09cb3a93a515926c2215778f833b2da687"},"cachedLocation":"mods/edf-remastered-4.3.jar","optionValue":true},"mods/travelers-backpack-fabric.pw.toml":{"hash":{"type":"sha256","value":"d1fedcab81aed337f312907b03266683546bdcb83807582bb9f41787f9b80876"},"linkedFileHash":{"type":"sha1","value":"a10b320f4fa53ea6e2fb59c77bfd1242283244a5"},"cachedLocation":"mods/travelersbackpack-fabric-1.19.2-8.2.36.jar","optionValue":true},"mods/cloth-config.pw.toml":{"hash":{"type":"sha256","value":"19276358b66db4b71d534bb7024a82dbf2bef87a95b604319c45fbfa82f5e24f"},"linkedFileHash":{"type":"sha1","value":"949d908415eb7c6b1b974a614c719b6c9f14f527"},"cachedLocation":"mods/cloth-config-8.3.115-fabric.jar","optionValue":true},"mods/portalhexaddon-Fabric-1.19.2-0.5.3.jar":{"hash":{"type":"sha256","value":"08af8265d65413a0740bdf4f248e75e329a9b407acf01c3a0dc9e4525fcf7040"},"cachedLocation":"mods/portalhexaddon-Fabric-1.19.2-0.5.3.jar","optionValue":true},"mods/yungs-better-dungeons-fabric.pw.toml":{"hash":{"type":"sha256","value":"6b98f78113cddfd12400b0e981de0a3c427ca9db42a11d6d438ed728133a790c"},"linkedFileHash":{"type":"sha1","value":"09ac081d1c002a984ecebf2d05bbfad741aa57e5"},"cachedLocation":"mods/YungsBetterDungeons-1.19.2-Fabric-3.2.1.jar","optionValue":true},"mods/hexcasting.pw.toml":{"hash":{"type":"sha256","value":"fda7c004bd2c7d60d2d3bda94a3c839da723e78d437d1f39ac041f7609b5db91"},"linkedFileHash":{"type":"sha1","value":"19702b82d52069b41f702317ba877818e1346716"},"cachedLocation":"mods/hexcasting-fabric-1.19.2-0.10.3.jar","optionValue":true},"mods/paucal.pw.toml":{"hash":{"type":"sha256","value":"c64f8051b4c8cd2d1ecc17347eb986f7fec0613622cf993c92c323e8b6d9d4c7"},"linkedFileHash":{"type":"sha1","value":"429dbbae298ebca0e7c51ca1c0bfdd07dcbf8271"},"cachedLocation":"mods/paucal-fabric-1.19.2-0.5.0.jar","optionValue":true},"mods/geckolib.pw.toml":{"hash":{"type":"sha256","value":"febe79b541e162e6789eedbe66a4ecf00fe66d9838f23c3bc3d3c1683704f910"},"linkedFileHash":{"type":"sha1","value":"dab6fa804356b1599ce60601213530bcc5732cbc"},"cachedLocation":"mods/geckolib-fabric-1.19-3.1.40.jar","optionValue":true},"mods/continuity.pw.toml":{"hash":{"type":"sha256","value":"54fa3d88cf3630e694502184e1e2ed0be042dc9517593eb15d09dc7f174df1c8"},"linkedFileHash":{"type":"sha1","value":"b7f4060c66eee13fa1385da89090560de30358e1"},"cachedLocation":"mods/continuity-2.0.2+1.19.jar","optionValue":true},"mods/hexgloop.pw.toml":{"hash":{"type":"sha256","value":"37872049651685fc96ae6c2a7c3928fddd1409231522a6c3c12ed64f59e72c8d"},"linkedFileHash":{"type":"sha1","value":"934e4b1acbc2cd96d1519e206127f5f06d9bd1b5"},"cachedLocation":"mods/hexgloop-1.19.2-0.2.0-fabric.jar","optionValue":true},"mods/revelationary.pw.toml":{"hash":{"type":"sha256","value":"6d91c6c9817438fc56185597b83792909d4657bd958a74629f6e11117659be4b"},"linkedFileHash":{"type":"sha1","value":"dc6bf5026f16f8a4b8e724bb9c7cfe9fcbce68da"},"cachedLocation":"mods/revelationary-1.3.5.jar","optionValue":true},"mods/oneironaut.pw.toml":{"hash":{"type":"sha256","value":"12fa3adf62869f4ce5bb7a98018b6fcd904b7b426abf97170471b4d61e8c231d"},"linkedFileHash":{"type":"sha1","value":"0c51e18396c2285416a403aaffa8baf72eb0138e"},"cachedLocation":"mods/oneironaut-fabric-1.19.2-0.2.3.jar","optionValue":true},"mods/hex-keys.pw.toml":{"hash":{"type":"sha256","value":"cea2eb907828407d2e71be03d51773aad34fb47f904358a9447c0f7af9762af8"},"linkedFileHash":{"type":"sha1","value":"7d3178086ceb72ddab5b706aaff640eaa1248eea"},"cachedLocation":"mods/hexkeys-fabric-1.19.2-0.1.1.jar","optionValue":true},"mods/xaeros-world-map.pw.toml":{"hash":{"type":"sha256","value":"b37adebf4d245f03de16cc6a38d20b1bf0866110e72181cbab003c6b3757ba98"},"linkedFileHash":{"type":"sha1","value":"b3c71985b4f5518fd0e57ad147f977c18c1df308"},"cachedLocation":"mods/XaerosWorldMap_1.38.4_Fabric_1.19.1.jar","optionValue":true},"mods/indium.pw.toml":{"hash":{"type":"sha256","value":"7c3e839ecd643c10c6f905e193b6edc18c978e4be202a031cffd0b3a45266ece"},"linkedFileHash":{"type":"sha1","value":"a74ab16af990cf55dd1a3b5c76eadfc9ca25e25e"},"cachedLocation":"mods/indium-1.0.9+mc1.19.2.jar","optionValue":true},"mods/iris-mc1.19.2-1.6.11.jar":{"hash":{"type":"sha256","value":"6a06a609c749c78b098f1664ea33d1b54e6d335ef6ae7f9eff2029e814e393e5"},"cachedLocation":"mods/iris-mc1.19.2-1.6.11.jar","optionValue":true}},"cachedSide":"client"}